Id,OwnerId,IsDeleted,Name,CreatedDate,CreatedById,LastModifiedDate,LastModifiedById,SystemModstamp,nFORCE__Order__c,nFORCE__Route__c,nFORCE__Tile__c,nFORCE__lookupKey__c,LLC_BI__Institution__c,Tile_Name__c
"a0h4T00000116thQAA","0054T000000ZYm5QAG","","RT-000001","2019-09-09T15:17:11.000Z","0054T000000ZYm5QAG","2019-09-09T15:17:11.000Z","0054T000000ZYm5QAG","","1.0","a324T000000PWJFQA4","a184T000000PN7yQAG","a5p4T000000g3PFQAY","",""
"a0h4T00000116tjQAA","0054T000000ZYm5QAG","","RT-000003","2019-09-09T15:17:11.000Z","0054T000000ZYm5QAG","2019-09-09T15:17:11.000Z","0054T000000ZYm5QAG","","0.0","a324T000000PWJFQA4","a184T000000PN80QAG","a5p4T000000g3PEQAY","",""
"a0h4T00000116tkQAA","0054T000000ZYm5QAG","","RT-000004","2019-09-09T15:17:11.000Z","0054T000000ZYm5QAG","2019-09-09T15:17:11.000Z","0054T000000ZYm5QAG","","1.0","a324T000000PWJDQA4","a184T000000PN7yQAG","a5p4T000000g3PSQAY","",""
"a0h4T00000116tlQAA","0054T000000ZYm5QAG","","RT-000005","2019-09-09T15:17:11.000Z","0054T000000ZYm5QAG","2019-09-09T15:17:11.000Z","0054T000000ZYm5QAG","","1.0","a324T000000PWJBQA4","a184T000000PN7yQAG","a5p4T000000g3POQAY","",""
"a0h4T00000116tmQAA","0054T000000ZYm5QAG","","RT-000006","2019-09-09T15:17:11.000Z","0054T000000ZYm5QAG","2019-09-09T15:17:11.000Z","0054T000000ZYm5QAG","","0.0","a324T000000PWJCQA4","a184T000000PN80QAG","a5p4T000000g3PPQAY","",""
"a0h4T00000116toQAA","0054T000000ZYm5QAG","","RT-000008","2019-09-09T15:17:11.000Z","0054T000000ZYm5QAG","2019-09-09T15:17:11.000Z","0054T000000ZYm5QAG","","0.0","a324T000000PWJ9QAO","a184T000000PN81QAG","a5p4T000000g3PJQAY","",""
"a0h4T00000116tpQAA","0054T000000ZYm5QAG","","RT-000009","2019-09-09T15:17:11.000Z","0054T000000ZYm5QAG","2019-09-09T15:17:11.000Z","0054T000000ZYm5QAG","","0.0","a324T000000PWJDQA4","a184T000000PN82QAG","a5p4T000000g3PRQAY","",""
"a0h4T00000116tqQAA","0054T000000ZYm5QAG","","RT-000010","2019-09-09T15:17:11.000Z","0054T000000ZYm5QAG","2019-09-09T15:17:11.000Z","0054T000000ZYm5QAG","","0.0","a324T000000PWJ8QAO","a184T000000PN80QAG","a5p4T000000g3PHQAY","",""
"a0h4T00000116trQAA","0054T000000ZYm5QAG","","RT-000011","2019-09-09T15:17:11.000Z","0054T000000ZYm5QAG","2019-09-09T15:17:11.000Z","0054T000000ZYm5QAG","","1.0","a324T000000PWJCQA4","a184T000000PN7yQAG","a5p4T000000g3PQQAY","",""
"a0h4T00000116tsQAA","0054T000000ZYm5QAG","","RT-000012","2019-09-09T15:17:11.000Z","0054T000000ZYm5QAG","2019-09-09T15:17:11.000Z","0054T000000ZYm5QAG","","0.0","a324T000000PWA9QAO","a184T000000PN81QAG","a5p4T000000g3PLQAY","",""
"a0h4T00000116ttQAA","0054T000000ZYm5QAG","","RT-000013","2019-09-09T15:17:11.000Z","0054T000000ZYm5QAG","2019-09-09T15:17:11.000Z","0054T000000ZYm5QAG","","1.0","a324T000000PWJ8QAO","a184T000000PN7yQAG","a5p4T000000g3PIQAY","",""
"a0h4T00000116tvQAA","0054T000000ZYm5QAG","","RT-000015","2019-09-09T15:17:11.000Z","0054T000000ZYm5QAG","2019-09-09T15:17:11.000Z","0054T000000ZYm5QAG","","1.0","a324T000000PWJ9QAO","a184T000000PN7yQAG","a5p4T000000g3PKQAY","",""
"a0h4T00000116twQAA","0054T000000ZYm5QAG","","RT-000016","2019-09-09T15:17:11.000Z","0054T000000ZYm5QAG","2019-09-09T15:17:11.000Z","0054T000000ZYm5QAG","","1.0","a324T000000PWJAQA4","a184T000000PN7yQAG","a5p4T000000g3PMQAY","",""
"a0h4T00000116txQAA","0054T000000ZYm5QAG","","RT-000017","2019-09-09T15:17:11.000Z","0054T000000ZYm5QAG","2019-09-09T15:17:11.000Z","0054T000000ZYm5QAG","","0.0","a324T000000PWJBQA4","a184T000000PN80QAG","a5p4T000000g3PNQAY","",""
"a0h4T00000116tyQAA","0054T000000ZYm5QAG","","RT-000018","2019-09-09T15:17:11.000Z","0054T000000ZYm5QAG","2019-09-09T15:17:11.000Z","0054T000000ZYm5QAG","","0.0","a324T000000PWA3QAO","a184T000000PN80QAG","","",""
"a0h4T00000116tzQAA","0054T000000ZYm5QAG","","RT-000019","2019-09-09T15:17:11.000Z","0054T000000ZYm5QAG","2019-09-09T15:17:11.000Z","0054T000000ZYm5QAG","","0.0","a324T000000PWA8QAO","a184T000000PN80QAG","","",""
"a0h4T00000116u0QAA","0054T000000ZYm5QAG","","RT-000020","2019-09-09T15:17:11.000Z","0054T000000ZYm5QAG","2019-09-09T15:17:11.000Z","0054T000000ZYm5QAG","","0.0","a324T000000PWAHQA4","a184T000000PN80QAG","","",""
"a0h4T00000116u1QAA","0054T000000ZYm5QAG","","RT-000021","2019-09-09T15:17:11.000Z","0054T000000ZYm5QAG","2019-09-09T15:17:11.000Z","0054T000000ZYm5QAG","","1.0","a324T000000PWA3QAO","a184T000000PN7yQAG","","",""
"a0h4T00000116u2QAA","0054T000000ZYm5QAG","","RT-000022","2019-09-09T15:17:11.000Z","0054T000000ZYm5QAG","2019-09-09T15:17:11.000Z","0054T000000ZYm5QAG","","1.0","a324T000000PWA8QAO","a184T000000PN7yQAG","","",""
"a0h4T00000116u3QAA","0054T000000ZYm5QAG","","RT-000023","2019-09-09T15:17:11.000Z","0054T000000ZYm5QAG","2019-09-09T15:17:11.000Z","0054T000000ZYm5QAG","","1.0","a324T000000PWAHQA4","a184T000000PN7yQAG","","",""
"a0h4T00000116u4QAA","0054T000000ZYm5QAG","","RT-000024","2019-09-09T15:17:11.000Z","0054T000000ZYm5QAG","2019-09-09T15:17:11.000Z","0054T000000ZYm5QAG","","1.0","a324T000000PWA6QAO","a184T000000PN7yQAG","","",""
"a0h4T00000116u5QAA","0054T000000ZYm5QAG","","RT-000025","2019-09-09T15:17:11.000Z","0054T000000ZYm5QAG","2019-09-09T15:17:11.000Z","0054T000000ZYm5QAG","","1.0","a324T000000PWAFQA4","a184T000000PN7yQAG","","",""
"a0h4T00000116u6QAA","0054T000000ZYm5QAG","","RT-000026","2019-09-09T15:17:11.000Z","0054T000000ZYm5QAG","2019-09-09T15:17:11.000Z","0054T000000ZYm5QAG","","1.0","a324T000000PWAKQA4","a184T000000PN7yQAG","","",""
"a0h4T00000116u7QAA","0054T000000ZYm5QAG","","RT-000027","2019-09-09T15:17:11.000Z","0054T000000ZYm5QAG","2019-09-09T15:17:11.000Z","0054T000000ZYm5QAG","","1.0","a324T000000PWA4QAO","a184T000000PN7yQAG","","",""
"a0h4T00000116u8QAA","0054T000000ZYm5QAG","","RT-000028","2019-09-09T15:17:11.000Z","0054T000000ZYm5QAG","2019-09-09T15:17:11.000Z","0054T000000ZYm5QAG","","1.0","a324T000000PWACQA4","a184T000000PN7yQAG","","",""
"a0h4T00000116u9QAA","0054T000000ZYm5QAG","","RT-000029","2019-09-09T15:17:11.000Z","0054T000000ZYm5QAG","2019-09-09T15:17:11.000Z","0054T000000ZYm5QAG","","1.0","a324T000000PWAIQA4","a184T000000PN7yQAG","","",""
"a0h4T00000116uAQAQ","0054T000000ZYm5QAG","","RT-000030","2019-09-09T15:17:11.000Z","0054T000000ZYm5QAG","2019-09-09T15:17:11.000Z","0054T000000ZYm5QAG","","1.0","a324T000000PWA9QAO","a184T000000PN7yQAG","","",""
"a0h4T00000116uBQAQ","0054T000000ZYm5QAG","","RT-000031","2019-09-09T15:17:11.000Z","0054T000000ZYm5QAG","2019-09-09T15:17:11.000Z","0054T000000ZYm5QAG","","0.0","a324T000000PWJAQA4","a184T000000PN81QAG","","",""
"a0h4T00000116uCQAQ","0054T000000ZYm5QAG","","RT-000032","2019-09-09T15:17:11.000Z","0054T000000ZYm5QAG","2019-09-09T15:17:11.000Z","0054T000000ZYm5QAG","","0.0","a324T000000PWAEQA4","a184T000000PN80QAG","","",""
"a0h4T00000116uDQAQ","0054T000000ZYm5QAG","","RT-000033","2019-09-09T15:17:11.000Z","0054T000000ZYm5QAG","2019-09-09T15:17:11.000Z","0054T000000ZYm5QAG","","1.0","a324T000000PWAEQA4","a184T000000PN7yQAG","","",""
"a0h4T00000116uEQAQ","0054T000000ZYm5QAG","","RT-000034","2019-09-09T15:17:11.000Z","0054T000000ZYm5QAG","2019-09-09T15:17:11.000Z","0054T000000ZYm5QAG","","0.0","a324T000000PW9wQAG","a184T000000PN81QAG","","",""
"a0h4T00000116uFQAQ","0054T000000ZYm5QAG","","RT-000035","2019-09-09T15:17:11.000Z","0054T000000ZYm5QAG","2019-09-09T15:17:11.000Z","0054T000000ZYm5QAG","","0.0","a324T000000PWABQA4","a184T000000PN81QAG","","",""
"a0h4T00000116uGQAQ","0054T000000ZYm5QAG","","RT-000036","2019-09-09T15:17:11.000Z","0054T000000ZYm5QAG","2019-09-09T15:17:11.000Z","0054T000000ZYm5QAG","","1.0","a324T000000PW9vQAG","a184T000000PN7yQAG","","",""
"a0h4T00000116uHQAQ","0054T000000ZYm5QAG","","RT-000037","2019-09-09T15:17:11.000Z","0054T000000ZYm5QAG","2019-09-09T15:17:11.000Z","0054T000000ZYm5QAG","","1.0","a324T000000PWAAQA4","a184T000000PN7yQAG","","",""
"a0h4T00000116uIQAQ","0054T000000ZYm5QAG","","RT-000038","2019-09-09T15:17:11.000Z","0054T000000ZYm5QAG","2019-09-09T15:17:11.000Z","0054T000000ZYm5QAG","","0.0","a324T000000PW9xQAG","a184T000000PN7yQAG","","",""
