Id,OwnerId,IsDeleted,Name,CreatedDate,CreatedById,LastModifiedDate,LastModifiedById,SystemModstamp,nFORCE__Order__c,nFORCE__Screen_Section__c,nFORCE__Screen__c,nFORCE__Type__c,nFORCE__lookupKey__c,AutorabitExtId__c
a4U4T000000fz1xUAA,0054T000000ZYm5QAG,,a4U4T000000fz1x,2019-09-09T15:17:11.000Z,0054T000000ZYm5QAG,2019-09-09T15:17:11.000Z,0054T000000ZYm5QAG,,2.0,a334T000000PHeZQAW,a344T000000PEdpQAG,,,
a4U4T000000fz1yUAA,0054T000000ZYm5QAG,,a4U4T000000fz1y,2019-09-09T15:17:11.000Z,0054T000000ZYm5QAG,2019-09-09T15:17:11.000Z,0054T000000ZYm5QAG,,3.0,a334T000000PHeaQAG,a344T000000PEdpQAG,,,
a4U4T000000fz1zUAA,0054T000000ZYm5QAG,,a4U4T000000fz1z,2019-09-09T15:17:11.000Z,0054T000000ZYm5QAG,2019-09-09T15:17:11.000Z,0054T000000ZYm5QAG,,4.0,a334T000000PHecQAG,a344T000000PEdpQAG,,,
a4U4T000000fz20UAA,0054T000000ZYm5QAG,,a4U4T000000fz20,2019-09-09T15:17:11.000Z,0054T000000ZYm5QAG,2019-09-09T15:17:11.000Z,0054T000000ZYm5QAG,,5.0,a334T000000PHedQAG,a344T000000PEdpQAG,,,
a4U4T000000fz21UAA,0054T000000ZYm5QAG,,a4U4T000000fz21,2019-09-09T15:17:11.000Z,0054T000000ZYm5QAG,2019-09-09T15:17:11.000Z,0054T000000ZYm5QAG,,1.0,a334T000000PHeZQAW,a344T000000PEdqQAG,,,
a4U4T000000fz22UAA,0054T000000ZYm5QAG,,a4U4T000000fz22,2019-09-09T15:17:11.000Z,0054T000000ZYm5QAG,2019-09-09T15:17:11.000Z,0054T000000ZYm5QAG,,2.0,a334T000000PHeaQAG,a344T000000PEdqQAG,,,
a4U4T000000fz23UAA,0054T000000ZYm5QAG,,a4U4T000000fz23,2019-09-09T15:17:11.000Z,0054T000000ZYm5QAG,2019-09-09T15:17:11.000Z,0054T000000ZYm5QAG,,3.0,a334T000000PHebQAG,a344T000000PEdqQAG,,,
a4U4T000000fz24UAA,0054T000000ZYm5QAG,,a4U4T000000fz24,2019-09-09T15:17:11.000Z,0054T000000ZYm5QAG,2019-09-09T15:17:11.000Z,0054T000000ZYm5QAG,,4.0,a334T000000PHecQAG,a344T000000PEdqQAG,,,
a4U4T000000fz25UAA,0054T000000ZYm5QAG,,a4U4T000000fz25,2019-09-09T15:17:11.000Z,0054T000000ZYm5QAG,2019-09-09T15:17:11.000Z,0054T000000ZYm5QAG,,5.0,a334T000000PHedQAG,a344T000000PEdqQAG,,,
a4U4T000000fz26UAA,0054T000000ZYm5QAG,,a4U4T000000fz26,2019-09-09T15:17:11.000Z,0054T000000ZYm5QAG,2019-09-09T15:17:11.000Z,0054T000000ZYm5QAG,,6.0,a334T000000PHeeQAG,a344T000000PEdqQAG,,,
a4U4T000000fz27UAA,0054T000000ZYm5QAG,,a4U4T000000fz27,2019-09-09T15:17:11.000Z,0054T000000ZYm5QAG,2019-09-09T15:17:11.000Z,0054T000000ZYm5QAG,,7.0,a334T000000PHneQAG,a344T000000PEdqQAG,,,
a4U4T000000fz28UAA,0054T000000ZYm5QAG,,a4U4T000000fz28,2019-09-09T15:17:11.000Z,0054T000000ZYm5QAG,2019-09-09T15:17:11.000Z,0054T000000ZYm5QAG,,8.0,a334T000000PHefQAG,a344T000000PEdqQAG,,,
a4U4T000000fz29UAA,0054T000000ZYm5QAG,,a4U4T000000fz29,2019-09-09T15:17:11.000Z,0054T000000ZYm5QAG,2019-09-09T15:17:11.000Z,0054T000000ZYm5QAG,,9.0,a334T000000PHegQAG,a344T000000PEdqQAG,,,
a4U4T000000fz2AUAQ,0054T000000ZYm5QAG,,a4U4T000000fz2A,2019-09-09T15:17:11.000Z,0054T000000ZYm5QAG,2019-09-09T15:17:11.000Z,0054T000000ZYm5QAG,,10.0,a334T000000PHnfQAG,a344T000000PEdqQAG,,,
a4U4T000000fz2BUAQ,0054T000000ZYm5QAG,,a4U4T000000fz2B,2019-09-09T15:17:11.000Z,0054T000000ZYm5QAG,2019-09-09T15:17:11.000Z,0054T000000ZYm5QAG,,11.0,a334T000000PHehQAG,a344T000000PEdqQAG,,,
a4U4T000000fz2CUAQ,0054T000000ZYm5QAG,,a4U4T000000fz2C,2019-09-09T15:17:11.000Z,0054T000000ZYm5QAG,2019-09-09T15:17:11.000Z,0054T000000ZYm5QAG,,12.0,a334T000000PHeiQAG,a344T000000PEdqQAG,,,
a4U4T000000fz2DUAQ,0054T000000ZYm5QAG,,a4U4T000000fz2D,2019-09-09T15:17:11.000Z,0054T000000ZYm5QAG,2019-09-09T15:17:11.000Z,0054T000000ZYm5QAG,,13.0,a334T000000PHngQAG,a344T000000PEdqQAG,,,
a4U4T000000fz2EUAQ,0054T000000ZYm5QAG,,a4U4T000000fz2E,2019-09-09T15:17:11.000Z,0054T000000ZYm5QAG,2019-09-09T15:17:11.000Z,0054T000000ZYm5QAG,,14.0,a334T000000PHnhQAG,a344T000000PEdqQAG,,,
a4U4T000000fz2FUAQ,0054T000000ZYm5QAG,,a4U4T000000fz2F,2019-09-09T15:17:11.000Z,0054T000000ZYm5QAG,2019-09-09T15:17:11.000Z,0054T000000ZYm5QAG,,15.0,a334T000000PHniQAG,a344T000000PEdqQAG,,,
a4U4T000000fz2GUAQ,0054T000000ZYm5QAG,,a4U4T000000fz2G,2019-09-09T15:17:11.000Z,0054T000000ZYm5QAG,2019-09-09T15:17:11.000Z,0054T000000ZYm5QAG,,16.0,a334T000000PHejQAG,a344T000000PEdqQAG,,,
a4U4T000000fz2HUAQ,0054T000000ZYm5QAG,,a4U4T000000fz2H,2019-09-09T15:17:11.000Z,0054T000000ZYm5QAG,2019-09-09T15:17:11.000Z,0054T000000ZYm5QAG,,17.0,a334T000000PHnjQAG,a344T000000PEdqQAG,,,
a4U4T000000fz2IUAQ,0054T000000ZYm5QAG,,a4U4T000000fz2I,2019-09-09T15:17:11.000Z,0054T000000ZYm5QAG,2019-09-09T15:17:11.000Z,0054T000000ZYm5QAG,,18.0,a334T000000PHnkQAG,a344T000000PEdqQAG,,,
a4U4T000000fz2JUAQ,0054T000000ZYm5QAG,,a4U4T000000fz2J,2019-09-09T15:17:11.000Z,0054T000000ZYm5QAG,2019-09-09T15:17:11.000Z,0054T000000ZYm5QAG,,19.0,a334T000000PHelQAG,a344T000000PEdqQAG,,,
a4U4T000000fz2KUAQ,0054T000000ZYm5QAG,,a4U4T000000fz2K,2019-09-09T15:17:11.000Z,0054T000000ZYm5QAG,2019-09-09T15:17:11.000Z,0054T000000ZYm5QAG,,20.0,a334T000000PHnlQAG,a344T000000PEdqQAG,,,
a4U4T000000fz2LUAQ,0054T000000ZYm5QAG,,a4U4T000000fz2L,2019-09-09T15:17:11.000Z,0054T000000ZYm5QAG,2019-09-09T15:17:11.000Z,0054T000000ZYm5QAG,,21.0,a334T000000PHekQAG,a344T000000PEdqQAG,,,
a4U4T000000fz4SUAQ,0054T000000ZYm5QAG,,a4U4T000000fz4S,2019-09-09T15:17:11.000Z,0054T000000ZYm5QAG,2019-09-09T15:17:11.000Z,0054T000000ZYm5QAG,,0.0,a334T000000PHpAQAW,a344T000000PEdqQAG,,,
a4U4T000000fz4TUAQ,0054T000000ZYm5QAG,,a4U4T000000fz4T,2019-09-09T15:17:11.000Z,0054T000000ZYm5QAG,2019-09-09T15:17:11.000Z,0054T000000ZYm5QAG,,1.0,a334T000000PHpAQAW,a344T000000PEdpQAG,,,
a4U4T000000fz5SUAQ,0054T000000ZYm5QAG,,a4U4T000000fz5S,2019-09-09T15:17:11.000Z,0054T000000ZYm5QAG,2019-09-09T15:17:11.000Z,0054T000000ZYm5QAG,,0.0,a334T000000PHpAQAW,a344T000000PEe5QAG,,,
a4U4T000000fz5TUAQ,0054T000000ZYm5QAG,,a4U4T000000fz5T,2019-09-09T15:17:11.000Z,0054T000000ZYm5QAG,2019-09-09T15:17:11.000Z,0054T000000ZYm5QAG,,1.0,a334T000000PHeZQAW,a344T000000PEe5QAG,,,
a4U4T000000fz5UUAQ,0054T000000ZYm5QAG,,a4U4T000000fz5U,2019-09-09T15:17:11.000Z,0054T000000ZYm5QAG,2019-09-09T15:17:11.000Z,0054T000000ZYm5QAG,,2.0,a334T000000PHeaQAG,a344T000000PEe5QAG,,,
a4U4T000000fz5VUAQ,0054T000000ZYm5QAG,,a4U4T000000fz5V,2019-09-09T15:17:11.000Z,0054T000000ZYm5QAG,2019-09-09T15:17:11.000Z,0054T000000ZYm5QAG,,3.0,a334T000000PHebQAG,a344T000000PEe5QAG,,,
a4U4T000000fz5WUAQ,0054T000000ZYm5QAG,,a4U4T000000fz5W,2019-09-09T15:17:11.000Z,0054T000000ZYm5QAG,2019-09-09T15:17:11.000Z,0054T000000ZYm5QAG,,4.0,a334T000000PHecQAG,a344T000000PEe5QAG,,,
a4U4T000000fz5XUAQ,0054T000000ZYm5QAG,,a4U4T000000fz5X,2019-09-09T15:17:11.000Z,0054T000000ZYm5QAG,2019-09-09T15:17:11.000Z,0054T000000ZYm5QAG,,5.0,a334T000000PHedQAG,a344T000000PEe5QAG,,,
a4U4T000000fz5YUAQ,0054T000000ZYm5QAG,,a4U4T000000fz5Y,2019-09-09T15:17:11.000Z,0054T000000ZYm5QAG,2019-09-09T15:17:11.000Z,0054T000000ZYm5QAG,,6.0,a334T000000PHeeQAG,a344T000000PEe5QAG,,,
a4U4T000000fz5ZUAQ,0054T000000ZYm5QAG,,a4U4T000000fz5Z,2019-09-09T15:17:11.000Z,0054T000000ZYm5QAG,2019-09-09T15:17:11.000Z,0054T000000ZYm5QAG,,7.0,a334T000000PHneQAG,a344T000000PEe5QAG,,,
a4U4T000000fz5aUAA,0054T000000ZYm5QAG,,a4U4T000000fz5a,2019-09-09T15:17:11.000Z,0054T000000ZYm5QAG,2019-09-09T15:17:11.000Z,0054T000000ZYm5QAG,,8.0,a334T000000PHefQAG,a344T000000PEe5QAG,,,
a4U4T000000fz5bUAA,0054T000000ZYm5QAG,,a4U4T000000fz5b,2019-09-09T15:17:11.000Z,0054T000000ZYm5QAG,2019-09-09T15:17:11.000Z,0054T000000ZYm5QAG,,9.0,a334T000000PHegQAG,a344T000000PEe5QAG,,,
a4U4T000000fz5cUAA,0054T000000ZYm5QAG,,a4U4T000000fz5c,2019-09-09T15:17:11.000Z,0054T000000ZYm5QAG,2019-09-09T15:17:11.000Z,0054T000000ZYm5QAG,,10.0,a334T000000PHnfQAG,a344T000000PEe5QAG,,,
a4U4T000000fz5dUAA,0054T000000ZYm5QAG,,a4U4T000000fz5d,2019-09-09T15:17:11.000Z,0054T000000ZYm5QAG,2019-09-09T15:17:11.000Z,0054T000000ZYm5QAG,,11.0,a334T000000PHehQAG,a344T000000PEe5QAG,,,
a4U4T000000fz5eUAA,0054T000000ZYm5QAG,,a4U4T000000fz5e,2019-09-09T15:17:11.000Z,0054T000000ZYm5QAG,2019-09-09T15:17:11.000Z,0054T000000ZYm5QAG,,12.0,a334T000000PHeiQAG,a344T000000PEe5QAG,,,
a4U4T000000fz5fUAA,0054T000000ZYm5QAG,,a4U4T000000fz5f,2019-09-09T15:17:11.000Z,0054T000000ZYm5QAG,2019-09-09T15:17:11.000Z,0054T000000ZYm5QAG,,13.0,a334T000000PHngQAG,a344T000000PEe5QAG,,,
a4U4T000000fz5gUAA,0054T000000ZYm5QAG,,a4U4T000000fz5g,2019-09-09T15:17:11.000Z,0054T000000ZYm5QAG,2019-09-09T15:17:11.000Z,0054T000000ZYm5QAG,,14.0,a334T000000PHnhQAG,a344T000000PEe5QAG,,,
a4U4T000000fz5hUAA,0054T000000ZYm5QAG,,a4U4T000000fz5h,2019-09-09T15:17:11.000Z,0054T000000ZYm5QAG,2019-09-09T15:17:11.000Z,0054T000000ZYm5QAG,,15.0,a334T000000PHniQAG,a344T000000PEe5QAG,,,
a4U4T000000fz5iUAA,0054T000000ZYm5QAG,,a4U4T000000fz5i,2019-09-09T15:17:11.000Z,0054T000000ZYm5QAG,2019-09-09T15:17:11.000Z,0054T000000ZYm5QAG,,16.0,a334T000000PHejQAG,a344T000000PEe5QAG,,,
a4U4T000000fz5jUAA,0054T000000ZYm5QAG,,a4U4T000000fz5j,2019-09-09T15:17:11.000Z,0054T000000ZYm5QAG,2019-09-09T15:17:11.000Z,0054T000000ZYm5QAG,,17.0,a334T000000PHnjQAG,a344T000000PEe5QAG,,,
a4U4T000000fz5kUAA,0054T000000ZYm5QAG,,a4U4T000000fz5k,2019-09-09T15:17:11.000Z,0054T000000ZYm5QAG,2019-09-09T15:17:11.000Z,0054T000000ZYm5QAG,,18.0,a334T000000PHnkQAG,a344T000000PEe5QAG,,,
a4U4T000000fz5lUAA,0054T000000ZYm5QAG,,a4U4T000000fz5l,2019-09-09T15:17:11.000Z,0054T000000ZYm5QAG,2019-09-09T15:17:11.000Z,0054T000000ZYm5QAG,,19.0,a334T000000PHelQAG,a344T000000PEe5QAG,,,
a4U4T000000fz5mUAA,0054T000000ZYm5QAG,,a4U4T000000fz5m,2019-09-09T15:17:11.000Z,0054T000000ZYm5QAG,2019-09-09T15:17:11.000Z,0054T000000ZYm5QAG,,20.0,a334T000000PHnlQAG,a344T000000PEe5QAG,,,
a4U4T000000fz5nUAA,0054T000000ZYm5QAG,,a4U4T000000fz5n,2019-09-09T15:17:11.000Z,0054T000000ZYm5QAG,2019-09-09T15:17:11.000Z,0054T000000ZYm5QAG,,21.0,a334T000000PHekQAG,a344T000000PEe5QAG,,,
a4U4T000000fz5oUAA,0054T000000ZYm5QAG,,a4U4T000000fz5o,2019-09-09T15:17:11.000Z,0054T000000ZYm5QAG,2019-09-09T15:17:11.000Z,0054T000000ZYm5QAG,,22.0,a334T000000PHovQAG,a344T000000PEe5QAG,,,
a4U4T000000fz5pUAA,0054T000000ZYm5QAG,,a4U4T000000fz5p,2019-09-09T15:17:11.000Z,0054T000000ZYm5QAG,2019-09-09T15:17:11.000Z,0054T000000ZYm5QAG,,0.0,a334T000000PHpAQAW,a344T000000PEe6QAG,,,
a4U4T000000fz5qUAA,0054T000000ZYm5QAG,,a4U4T000000fz5q,2019-09-09T15:17:11.000Z,0054T000000ZYm5QAG,2019-09-09T15:17:11.000Z,0054T000000ZYm5QAG,,1.0,a334T000000PHeZQAW,a344T000000PEe6QAG,,,
a4U4T000000fz5rUAA,0054T000000ZYm5QAG,,a4U4T000000fz5r,2019-09-09T15:17:11.000Z,0054T000000ZYm5QAG,2019-09-09T15:17:11.000Z,0054T000000ZYm5QAG,,2.0,a334T000000PHeaQAG,a344T000000PEe6QAG,,,
a4U4T000000fz5sUAA,0054T000000ZYm5QAG,,a4U4T000000fz5s,2019-09-09T15:17:11.000Z,0054T000000ZYm5QAG,2019-09-09T15:17:11.000Z,0054T000000ZYm5QAG,,3.0,a334T000000PHecQAG,a344T000000PEe6QAG,,,
a4U4T000000fz5tUAA,0054T000000ZYm5QAG,,a4U4T000000fz5t,2019-09-09T15:17:11.000Z,0054T000000ZYm5QAG,2019-09-09T15:17:11.000Z,0054T000000ZYm5QAG,,4.0,a334T000000PHedQAG,a344T000000PEe6QAG,,,
a4U4T000000fz5uUAA,0054T000000ZYm5QAG,,a4U4T000000fz5u,2019-09-09T15:17:11.000Z,0054T000000ZYm5QAG,2019-09-09T15:17:11.000Z,0054T000000ZYm5QAG,,5.0,a334T000000PHnhQAG,a344T000000PEe6QAG,,,
a4U4T000000fz9PUAQ,0054T000000ZYm5QAG,,a4U4T000000fz9P,2019-09-09T15:17:11.000Z,0054T000000ZYm5QAG,2019-09-09T15:17:11.000Z,0054T000000ZYm5QAG,,0.0,a334T000000PHhdQAG,a344T000000PEeNQAW,,,
a4U4T000000fz9QUAQ,0054T000000ZYm5QAG,,a4U4T000000fz9Q,2019-09-09T15:17:11.000Z,0054T000000ZYm5QAG,2019-09-09T15:17:11.000Z,0054T000000ZYm5QAG,,0.0,a334T000000PHhdQAG,a344T000000PEeOQAW,,,
a4U4T000000fz9RUAQ,0054T000000ZYm5QAG,,a4U4T000000fz9R,2019-09-09T15:17:11.000Z,0054T000000ZYm5QAG,2019-09-09T15:17:11.000Z,0054T000000ZYm5QAG,,1.0,a334T000000PHhaQAG,a344T000000PEeNQAW,,,
a4U4T000000fz9SUAQ,0054T000000ZYm5QAG,,a4U4T000000fz9S,2019-09-09T15:17:11.000Z,0054T000000ZYm5QAG,2019-09-09T15:17:11.000Z,0054T000000ZYm5QAG,,1.0,a334T000000PHhaQAG,a344T000000PEeOQAW,,,
a4U4T000000fz9TUAQ,0054T000000ZYm5QAG,,a4U4T000000fz9T,2019-09-09T15:17:11.000Z,0054T000000ZYm5QAG,2019-09-09T15:17:11.000Z,0054T000000ZYm5QAG,,2.0,a334T000000PHhbQAG,a344T000000PEeNQAW,,,
a4U4T000000fz9UUAQ,0054T000000ZYm5QAG,,a4U4T000000fz9U,2019-09-09T15:17:11.000Z,0054T000000ZYm5QAG,2019-09-09T15:17:11.000Z,0054T000000ZYm5QAG,,2.0,a334T000000PHhbQAG,a344T000000PEeOQAW,,,
a4U4T000000fz9VUAQ,0054T000000ZYm5QAG,,a4U4T000000fz9V,2019-09-09T15:17:11.000Z,0054T000000ZYm5QAG,2019-09-09T15:17:11.000Z,0054T000000ZYm5QAG,,3.0,a334T000000PHhcQAG,a344T000000PEeNQAW,,,
a4U4T000000fz9WUAQ,0054T000000ZYm5QAG,,a4U4T000000fz9W,2019-09-09T15:17:11.000Z,0054T000000ZYm5QAG,2019-09-09T15:17:11.000Z,0054T000000ZYm5QAG,,3.0,a334T000000PHqiQAG,a344T000000PEeOQAW,,,
a4U4T000000fz9XUAQ,0054T000000ZYm5QAG,,a4U4T000000fz9X,2019-09-09T15:17:11.000Z,0054T000000ZYm5QAG,2019-09-09T15:17:11.000Z,0054T000000ZYm5QAG,,4.0,a334T000000PHheQAG,a344T000000PEeNQAW,,,
a4U4T000000fz9YUAQ,0054T000000ZYm5QAG,,a4U4T000000fz9Y,2019-09-09T15:17:11.000Z,0054T000000ZYm5QAG,2019-09-09T15:17:11.000Z,0054T000000ZYm5QAG,,4.0,a334T000000PHhcQAG,a344T000000PEeOQAW,,,
a4U4T000000fz9ZUAQ,0054T000000ZYm5QAG,,a4U4T000000fz9Z,2019-09-09T15:17:11.000Z,0054T000000ZYm5QAG,2019-09-09T15:17:11.000Z,0054T000000ZYm5QAG,,5.0,a334T000000PHheQAG,a344T000000PEeOQAW,,,
a4U4T000000fz9aUAA,0054T000000ZYm5QAG,,a4U4T000000fz9a,2019-09-09T15:17:11.000Z,0054T000000ZYm5QAG,2019-09-09T15:17:11.000Z,0054T000000ZYm5QAG,,6.0,a334T000000PHqjQAG,a344T000000PEeOQAW,,,
a4U4T000000fz9bUAA,0054T000000ZYm5QAG,,a4U4T000000fz9b,2019-09-09T15:17:11.000Z,0054T000000ZYm5QAG,2019-09-09T15:17:11.000Z,0054T000000ZYm5QAG,,7.0,a334T000000PHqkQAG,a344T000000PEeOQAW,,,
a4U4T000000fz9cUAA,0054T000000ZYm5QAG,,a4U4T000000fz9c,2019-09-09T15:17:11.000Z,0054T000000ZYm5QAG,2019-09-09T15:17:11.000Z,0054T000000ZYm5QAG,,8.0,a334T000000PHqlQAG,a344T000000PEeOQAW,,,
a4U4T000000fz9dUAA,0054T000000ZYm5QAG,,a4U4T000000fz9d,2019-09-09T15:17:11.000Z,0054T000000ZYm5QAG,2019-09-09T15:17:11.000Z,0054T000000ZYm5QAG,,9.0,a334T000000PHqmQAG,a344T000000PEeOQAW,,,
a4U4T000000fz9eUAA,0054T000000ZYm5QAG,,a4U4T000000fz9e,2019-09-09T15:17:11.000Z,0054T000000ZYm5QAG,2019-09-09T15:17:11.000Z,0054T000000ZYm5QAG,,10.0,a334T000000PHqnQAG,a344T000000PEeOQAW,,,
a4U4T000000fz9fUAA,0054T000000ZYm5QAG,,a4U4T000000fz9f,2019-09-09T15:17:11.000Z,0054T000000ZYm5QAG,2019-09-09T15:17:11.000Z,0054T000000ZYm5QAG,,11.0,a334T000000PHqoQAG,a344T000000PEeOQAW,,,
a4U4T000000fz9gUAA,0054T000000ZYm5QAG,,a4U4T000000fz9g,2019-09-09T15:17:11.000Z,0054T000000ZYm5QAG,2019-09-09T15:17:11.000Z,0054T000000ZYm5QAG,,12.0,a334T000000PHqpQAG,a344T000000PEeOQAW,,,
a4U4T000000fz9hUAA,0054T000000ZYm5QAG,,a4U4T000000fz9h,2019-09-09T15:17:11.000Z,0054T000000ZYm5QAG,2019-09-09T15:17:11.000Z,0054T000000ZYm5QAG,,13.0,a334T000000PHqqQAG,a344T000000PEeOQAW,,,
a4U4T000000fz9iUAA,0054T000000ZYm5QAG,,a4U4T000000fz9i,2019-09-09T15:17:11.000Z,0054T000000ZYm5QAG,2019-09-09T15:17:11.000Z,0054T000000ZYm5QAG,,14.0,a334T000000PHqrQAG,a344T000000PEeOQAW,,,
a4U4T000000fz9jUAA,0054T000000ZYm5QAG,,a4U4T000000fz9j,2019-09-09T15:17:11.000Z,0054T000000ZYm5QAG,2019-09-09T15:17:11.000Z,0054T000000ZYm5QAG,,15.0,a334T000000PHqsQAG,a344T000000PEeOQAW,,,
a4U4T000000fz9kUAA,0054T000000ZYm5QAG,,a4U4T000000fz9k,2019-09-09T15:17:11.000Z,0054T000000ZYm5QAG,2019-09-09T15:17:11.000Z,0054T000000ZYm5QAG,,16.0,a334T000000PHqtQAG,a344T000000PEeOQAW,,,
a4U4T000000fz9lUAA,0054T000000ZYm5QAG,,a4U4T000000fz9l,2019-09-09T15:17:11.000Z,0054T000000ZYm5QAG,2019-09-09T15:17:11.000Z,0054T000000ZYm5QAG,,17.0,a334T000000PHquQAG,a344T000000PEeOQAW,,,
a4U4T000000fz9mUAA,0054T000000ZYm5QAG,,a4U4T000000fz9m,2019-09-09T15:17:11.000Z,0054T000000ZYm5QAG,2019-09-09T15:17:11.000Z,0054T000000ZYm5QAG,,18.0,a334T000000PHqvQAG,a344T000000PEeOQAW,,,
a4U4T000000fz9nUAA,0054T000000ZYm5QAG,,a4U4T000000fz9n,2019-09-09T15:17:11.000Z,0054T000000ZYm5QAG,2019-09-09T15:17:11.000Z,0054T000000ZYm5QAG,,19.0,a334T000000PHqwQAG,a344T000000PEeOQAW,,,
a4U4T000000fz9oUAA,0054T000000ZYm5QAG,,a4U4T000000fz9o,2019-09-09T15:17:11.000Z,0054T000000ZYm5QAG,2019-09-09T15:17:11.000Z,0054T000000ZYm5QAG,,20.0,a334T000000PHqxQAG,a344T000000PEeOQAW,,,
a4U4T000000fz9pUAA,0054T000000ZYm5QAG,,a4U4T000000fz9p,2019-09-09T15:17:11.000Z,0054T000000ZYm5QAG,2019-09-09T15:17:11.000Z,0054T000000ZYm5QAG,,21.0,a334T000000PHqyQAG,a344T000000PEeOQAW,,,
a4U4T000000fz9qUAA,0054T000000ZYm5QAG,,a4U4T000000fz9q,2019-09-09T15:17:11.000Z,0054T000000ZYm5QAG,2019-09-09T15:17:11.000Z,0054T000000ZYm5QAG,,22.0,a334T000000PHqzQAG,a344T000000PEeOQAW,,,
a4U4T000000fz9rUAA,0054T000000ZYm5QAG,,a4U4T000000fz9r,2019-09-09T15:17:11.000Z,0054T000000ZYm5QAG,2019-09-09T15:17:11.000Z,0054T000000ZYm5QAG,,22.0,a334T000000PHrfQAG,a344T000000PEdqQAG,,,
a4U4T000000fzAoUAI,0054T000000ZYm5QAG,,a4U4T000000fzAo,2019-09-09T15:17:11.000Z,0054T000000ZYm5QAG,2019-09-09T15:17:11.000Z,0054T000000ZYm5QAG,,0.0,a334T000000PHrfQAG,a344T000000PEdpQAG,,,
a4U4T000000g11QUAQ,0054T000000ZYm5QAG,,a4U4T000000g11Q,2019-09-18T14:48:46.000Z,0054T000000ZYm5QAG,2019-09-18T14:48:46.000Z,0054T000000ZYm5QAG,,0.0,a334T000000PNwYQAW,a344T000000PINrQAO,,,
a4U4T000000g11RUAQ,0054T000000ZYm5QAG,,a4U4T000000g11R,2019-09-18T14:48:46.000Z,0054T000000ZYm5QAG,2019-09-18T14:48:46.000Z,0054T000000ZYm5QAG,,0.0,a334T000000PNwTQAW,a344T000000PINsQAO,,,
a4U4T000000g11SUAQ,0054T000000ZYm5QAG,,a4U4T000000g11S,2019-09-18T14:48:46.000Z,0054T000000ZYm5QAG,2019-09-18T14:48:46.000Z,0054T000000ZYm5QAG,,1.0,a334T000000PNwTQAW,a344T000000PINrQAO,,,
a4U4T000000g11TUAQ,0054T000000ZYm5QAG,,a4U4T000000g11T,2019-09-18T14:48:46.000Z,0054T000000ZYm5QAG,2019-09-18T14:48:46.000Z,0054T000000ZYm5QAG,,1.0,a334T000000PNw7QAG,a344T000000PINsQAO,,,
a4U4T000000g11UUAQ,0054T000000ZYm5QAG,,a4U4T000000g11U,2019-09-18T14:48:46.000Z,0054T000000ZYm5QAG,2019-09-18T14:48:46.000Z,0054T000000ZYm5QAG,,2.0,a334T000000PNw7QAG,a344T000000PINrQAO,,,
a4U4T000000g11VUAQ,0054T000000ZYm5QAG,,a4U4T000000g11V,2019-09-18T14:48:46.000Z,0054T000000ZYm5QAG,2019-09-18T14:48:46.000Z,0054T000000ZYm5QAG,,2.0,a334T000000PNw8QAG,a344T000000PINsQAO,,,
a4U4T000000g11WUAQ,0054T000000ZYm5QAG,,a4U4T000000g11W,2019-09-18T14:48:46.000Z,0054T000000ZYm5QAG,2019-09-18T14:48:46.000Z,0054T000000ZYm5QAG,,3.0,a334T000000PNw8QAG,a344T000000PINrQAO,,,
a4U4T000000g11XUAQ,0054T000000ZYm5QAG,,a4U4T000000g11X,2019-09-18T14:48:46.000Z,0054T000000ZYm5QAG,2019-09-18T14:48:46.000Z,0054T000000ZYm5QAG,,3.0,a334T000000PNw9QAG,a344T000000PINsQAO,,,
a4U4T000000g11YUAQ,0054T000000ZYm5QAG,,a4U4T000000g11Y,2019-09-18T14:48:46.000Z,0054T000000ZYm5QAG,2019-09-18T14:48:46.000Z,0054T000000ZYm5QAG,,4.0,a334T000000PNwAQAW,a344T000000PINrQAO,,,
a4U4T000000g11ZUAQ,0054T000000ZYm5QAG,,a4U4T000000g11Z,2019-09-18T14:48:46.000Z,0054T000000ZYm5QAG,2019-09-18T14:48:46.000Z,0054T000000ZYm5QAG,,4.0,a334T000000PNwAQAW,a344T000000PINsQAO,,,
a4U4T000000g11aUAA,0054T000000ZYm5QAG,,a4U4T000000g11a,2019-09-18T14:48:46.000Z,0054T000000ZYm5QAG,2019-09-18T14:48:46.000Z,0054T000000ZYm5QAG,,5.0,a334T000000PNwBQAW,a344T000000PINrQAO,,,
a4U4T000000g11bUAA,0054T000000ZYm5QAG,,a4U4T000000g11b,2019-09-18T14:48:46.000Z,0054T000000ZYm5QAG,2019-09-18T14:48:46.000Z,0054T000000ZYm5QAG,,5.0,a334T000000PNwBQAW,a344T000000PINsQAO,,,
a4U4T000000g11cUAA,0054T000000ZYm5QAG,,a4U4T000000g11c,2019-09-18T14:48:46.000Z,0054T000000ZYm5QAG,2019-09-18T14:48:46.000Z,0054T000000ZYm5QAG,,6.0,a334T000000PNwCQAW,a344T000000PINsQAO,,,
a4U4T000000g11dUAA,0054T000000ZYm5QAG,,a4U4T000000g11d,2019-09-18T14:48:46.000Z,0054T000000ZYm5QAG,2019-09-18T14:48:46.000Z,0054T000000ZYm5QAG,,7.0,a334T000000PNwKQAW,a344T000000PINsQAO,,,
a4U4T000000g11eUAA,0054T000000ZYm5QAG,,a4U4T000000g11e,2019-09-18T14:48:46.000Z,0054T000000ZYm5QAG,2019-09-18T14:48:46.000Z,0054T000000ZYm5QAG,,8.0,a334T000000PNwDQAW,a344T000000PINsQAO,,,
a4U4T000000g11fUAA,0054T000000ZYm5QAG,,a4U4T000000g11f,2019-09-18T14:48:46.000Z,0054T000000ZYm5QAG,2019-09-18T14:48:46.000Z,0054T000000ZYm5QAG,,9.0,a334T000000PNwEQAW,a344T000000PINsQAO,,,
a4U4T000000g11gUAA,0054T000000ZYm5QAG,,a4U4T000000g11g,2019-09-18T14:48:46.000Z,0054T000000ZYm5QAG,2019-09-18T14:48:46.000Z,0054T000000ZYm5QAG,,10.0,a334T000000PNwLQAW,a344T000000PINsQAO,,,
a4U4T000000g11hUAA,0054T000000ZYm5QAG,,a4U4T000000g11h,2019-09-18T14:48:46.000Z,0054T000000ZYm5QAG,2019-09-18T14:48:46.000Z,0054T000000ZYm5QAG,,11.0,a334T000000PNwFQAW,a344T000000PINsQAO,,,
a4U4T000000g11iUAA,0054T000000ZYm5QAG,,a4U4T000000g11i,2019-09-18T14:48:46.000Z,0054T000000ZYm5QAG,2019-09-18T14:48:46.000Z,0054T000000ZYm5QAG,,12.0,a334T000000PNwGQAW,a344T000000PINsQAO,,,
a4U4T000000g11jUAA,0054T000000ZYm5QAG,,a4U4T000000g11j,2019-09-18T14:48:46.000Z,0054T000000ZYm5QAG,2019-09-18T14:48:46.000Z,0054T000000ZYm5QAG,,13.0,a334T000000PNwMQAW,a344T000000PINsQAO,,,
a4U4T000000g11kUAA,0054T000000ZYm5QAG,,a4U4T000000g11k,2019-09-18T14:48:46.000Z,0054T000000ZYm5QAG,2019-09-18T14:48:46.000Z,0054T000000ZYm5QAG,,14.0,a334T000000PNwNQAW,a344T000000PINsQAO,,,
a4U4T000000g11lUAA,0054T000000ZYm5QAG,,a4U4T000000g11l,2019-09-18T14:48:46.000Z,0054T000000ZYm5QAG,2019-09-18T14:48:46.000Z,0054T000000ZYm5QAG,,15.0,a334T000000PNwOQAW,a344T000000PINsQAO,,,
a4U4T000000g11mUAA,0054T000000ZYm5QAG,,a4U4T000000g11m,2019-09-18T14:48:46.000Z,0054T000000ZYm5QAG,2019-09-18T14:48:46.000Z,0054T000000ZYm5QAG,,16.0,a334T000000PNwHQAW,a344T000000PINsQAO,,,
a4U4T000000g11nUAA,0054T000000ZYm5QAG,,a4U4T000000g11n,2019-09-18T14:48:46.000Z,0054T000000ZYm5QAG,2019-09-18T14:48:46.000Z,0054T000000ZYm5QAG,,17.0,a334T000000PNwPQAW,a344T000000PINsQAO,,,
a4U4T000000g11oUAA,0054T000000ZYm5QAG,,a4U4T000000g11o,2019-09-18T14:48:46.000Z,0054T000000ZYm5QAG,2019-09-18T14:48:46.000Z,0054T000000ZYm5QAG,,18.0,a334T000000PNwQQAW,a344T000000PINsQAO,,,
a4U4T000000g11pUAA,0054T000000ZYm5QAG,,a4U4T000000g11p,2019-09-18T14:48:46.000Z,0054T000000ZYm5QAG,2019-09-18T14:48:46.000Z,0054T000000ZYm5QAG,,19.0,a334T000000PNwJQAW,a344T000000PINsQAO,,,
a4U4T000000g11qUAA,0054T000000ZYm5QAG,,a4U4T000000g11q,2019-09-18T14:48:46.000Z,0054T000000ZYm5QAG,2019-09-18T14:48:46.000Z,0054T000000ZYm5QAG,,20.0,a334T000000PNwRQAW,a344T000000PINsQAO,,,
a4U4T000000g11rUAA,0054T000000ZYm5QAG,,a4U4T000000g11r,2019-09-18T14:48:46.000Z,0054T000000ZYm5QAG,2019-09-18T14:48:46.000Z,0054T000000ZYm5QAG,,21.0,a334T000000PNwIQAW,a344T000000PINsQAO,,,
a4U4T000000g11sUAA,0054T000000ZYm5QAG,,a4U4T000000g11s,2019-09-18T14:48:46.000Z,0054T000000ZYm5QAG,2019-09-18T14:48:46.000Z,0054T000000ZYm5QAG,,22.0,a334T000000PNwYQAW,a344T000000PINsQAO,,,
